REGION	POS	REF	ALT	REF_DP	REF_RV	REF_QUAL	ALT_DP	ALT_RV	ALT_QUAL	ALT_FREQ	TOTAL_DP	PVAL	PASS	GFF_FEATURE	REF_CODON	REF_AA	ALT_CODON	ALT_AA	POS_AA
SRX17852076	685	A	-AAGTCATTT	4196	2247	38	136	0	20	0.032381	4200	1.17229e-12	TRUE	NA	NA	NA	NA	NA	NA
SRX17852076	1031	G	A	1907	7	38	39	0	20	0.0200411	1946	0.005655	TRUE	orf1ab:cds-QHD43415.1	GAA	E	AAA	K	256
SRX17852076	2293	G	T	72	2	38	1	0	39	0.0136986	73	0.503448	FALSE	orf1ab:cds-QHD43415.1	CAG	Q	CAT	H	676
SRX17852076	2362	A	G	135	68	38	2	1	37	0.0145985	137	0.243708	FALSE	orf1ab:cds-QHD43415.1	AAA	K	AAG	K	699
SRX17852076	2474	A	G	69	69	38	1	1	39	0.0142857	70	0.503597	FALSE	orf1ab:cds-QHD43415.1	AAA	K	GAA	E	737
SRX17852076	2485	C	T	68	68	38	1	1	39	0.0144928	69	0.5	FALSE	orf1ab:cds-QHD43415.1	ATC	I	ATT	I	740
SRX17852076	2832	G	A	2311	1843	38	248	15	38	0.0969129	2559	2.51095e-74	TRUE	orf1ab:cds-QHD43415.1	AGG	R	AAG	K	856
SRX17852076	3770	G	A	4479	0	38	79	0	20	0.0173322	4558	0.00132449	TRUE	orf1ab:cds-QHD43415.1	GTT	V	ATT	I	1169
SRX17852076	4079	A	C	383	0	38	5	0	20	0.0128866	388	0.354186	FALSE	orf1ab:cds-QHD43415.1	AGT	S	CGT	R	1272
SRX17852076	4323	T	G	387	387	38	5	5	20	0.0126582	395	0.35979	FALSE	orf1ab:cds-QHD43415.1	TTT	F	TGT	C	1353
SRX17852076	4399	G	A	1233	4	38	32	0	20	0.0252964	1265	0.00170233	TRUE	orf1ab:cds-QHD43415.1	ATG	M	ATA	I	1378
SRX17852076	4931	C	T	2919	2913	38	60	60	20	0.020141	2979	0.00060421	TRUE	orf1ab:cds-QHD43415.1	CTT	L	TTT	F	1556
SRX17852076	5310	C	T	1235	1	38	19	0	38	0.0151515	1254	1.89637e-05	TRUE	orf1ab:cds-QHD43415.1	ACA	T	ATA	I	1682
SRX17852076	5557	T	G	1225	1224	38	16	16	20	0.0128824	1242	0.278155	FALSE	orf1ab:cds-QHD43415.1	GGT	G	GGG	G	1764
SRX17852076	5954	G	A	698	2	38	19	0	20	0.0264624	718	0.0129233	FALSE	orf1ab:cds-QHD43415.1	GAC	D	AAC	N	1897
SRX17852076	6449	C	T	2750	2673	38	34	34	38	0.0122126	2784	8.3243e-09	TRUE	orf1ab:cds-QHD43415.1	CTT	L	TTT	F	2062
SRX17852076	6512	A	----	3196	2718	38	3195	0	20	0.998126	3201	0	TRUE	NA	NA	NA	NA	NA	NA
SRX17852076	6564	T	A	516	6	35	9	0	20	0.0171103	526	0.207271	FALSE	orf1ab:cds-QHD43415.1	GTA	V	GAA	E	2100
SRX17852076	6696	C	+T	1037	520	38	14	0	20	0.0133971	1045	0.274962	FALSE	NA	NA	NA	NA	NA	NA
SRX17852076	8084	G	A	7288	7	38	148	0	20	0.0199032	7436	2.54341e-07	TRUE	orf1ab:cds-QHD43415.1	GAA	E	AAA	K	2607
SRX17852076	9255	G	A	1392	496	38	21	0	20	0.014862	1413	0.152241	FALSE	orf1ab:cds-QHD43415.1	TGT	C	TAT	Y	2997
SRX17852076	9780	T	G	1733	1730	38	27	27	20	0.0151941	1777	0.0805336	FALSE	orf1ab:cds-QHD43415.1	TTT	F	TGT	C	3172
SRX17852076	9869	A	C	2195	6	38	24	0	20	0.0108157	2219	0.4321	FALSE	orf1ab:cds-QHD43415.1	ACG	T	CCG	P	3202
SRX17852076	10405	T	G	1907	1906	38	30	30	20	0.0154321	1944	0.0731225	FALSE	orf1ab:cds-QHD43415.1	TGT	C	TGG	W	3380
SRX17852076	11074	C	-T	3546	1003	38	76	0	20	0.0213783	3555	8.27667e-05	TRUE	NA	NA	NA	NA	NA	NA
SRX17852076	11074	C	+T	3546	1003	38	82	0	20	0.0230661	3555	1.1623e-05	TRUE	NA	NA	NA	NA	NA	NA
SRX17852076	11087	G	A	3480	997	38	61	0	20	0.0172219	3542	0.00482127	TRUE	orf1ab:cds-QHD43415.1	GAA	E	AAA	K	3608
SRX17852076	11284	T	----------	2535	2521	38	2536	0	20	0.992175	2556	0	TRUE	NA	NA	NA	NA	NA	NA
SRX17852076	11392	G	A	1620	2	37	35	0	20	0.021148	1655	0.00490546	TRUE	orf1ab:cds-QHD43415.1	TGG	W	TGA	*	3709
SRX17852076	12253	C	T	1673	1672	38	37	37	20	0.0216248	1711	0.00421798	TRUE	orf1ab:cds-QHD43415.1	GCC	A	GCT	A	3996
SRX17852076	12321	A	G	4047	2	38	47	0	20	0.0113719	4133	0.279305	FALSE	orf1ab:cds-QHD43415.1	GAG	E	GGG	G	4019
SRX17852076	15172	T	A	283	53	36	3	3	27	0.010453	287	0.613281	FALSE	orf1ab:cds-QHD43415.1	TCA	S	ACA	T	569
SRX17852076	15654	Y	T	0	0	0	762	0	38	0.302501	2519	0	TRUE	orf1ab:cds-QHD43415.1	GAY	X	GAT	D	729
SRX17852076	15654	Y	C	0	0	0	1757	3	38	0.697499	2519	0	TRUE	orf1ab:cds-QHD43415.1	GAY	X	GAC	D	729
SRX17852076	15855	T	G	2459	2458	38	36	36	20	0.0142914	2519	0.0909678	FALSE	orf1ab:cds-QHD43415.1	CTT	L	CTG	L	796
SRX17852076	17702	A	C	2167	3	38	28	0	20	0.0127563	2195	0.23368	FALSE	orf1ab:cds-QHD43415.1	AAC	N	ACC	T	1412
SRX17852076	18434	A	G	5038	2487	38	61	30	37	0.0119631	5099	5.14669e-14	TRUE	orf1ab:cds-QHD43415.1	GAT	D	GGT	G	1656
SRX17852076	18637	A	C	1385	2	38	18	0	20	0.0128297	1403	0.290241	FALSE	orf1ab:cds-QHD43415.1	AAA	K	CAA	Q	1724
SRX17852076	21764	A	-------	3283	1669	38	3305	0	20	0.988337	3344	0	TRUE	NA	NA	NA	NA	NA	NA
SRX17852076	21847	T	G	1667	1654	38	20	20	20	0.0118554	1687	0.301007	FALSE	S:cds-QHD43416.1	ATT	I	ATG	M	95
SRX17852076	21986	G	----------	1180	12	37	1203	0	20	0.996686	1207	9.98218e-253	TRUE	NA	NA	NA	NA	NA	NA
SRX17852076	22193	A	----	1231	1192	38	1201	0	20	0.973258	1234	9.45803e-251	TRUE	NA	NA	NA	NA	NA	NA
SRX17852076	22204	T	+GAGCCAGAA	1222	1184	38	1216	0	20	0.987013	1232	4.15179e-254	TRUE	NA	NA	NA	NA	NA	NA
SRX17852076	22417	T	G	38	36	38	1	1	20	0.025641	39	0.506494	FALSE	S:cds-QHD43416.1	ATT	I	ATG	M	285
SRX17852076	22489	A	C	969	6	38	10	0	20	0.0101626	984	0.496391	FALSE	S:cds-QHD43416.1	GAA	E	GAC	D	309
SRX17852076	27769	C	T	1970	1038	38	21	21	20	0.0105475	1991	0.436365	FALSE	NA	NA	NA	NA	NA	NA
SRX17852076	28083	G	A	885	16	38	14	0	20	0.0155729	899	0.196401	FALSE	ORF8:cds-QHD43422.1	GAG	E	AAG	K	64
SRX17852076	28361	G	----------	5336	3026	37	5349	0	20	0.997576	5362	0	TRUE	NA	NA	NA	NA	NA	NA
SRX17852076	28512	C	T	2266	2262	38	54	54	20	0.0232759	2320	0.00024229	TRUE	N:cds-QHD43423.2	CCA	P	CTA	L	80
SRX17852076	28703	G	A	5340	2644	37	67	34	38	0.0123913	5407	1.77947e-15	TRUE	N:cds-QHD43423.2	GAT	D	AAT	N	144
SRX17852076	28898	A	-GAATGGCTGGCAATGGCGGTG	80	0	38	1	0	20	0.0123457	81	0.503106	FALSE	NA	NA	NA	NA	NA	NA
SRX17852076	28909	C	-AATGGCGGTGATGCTGCTCTTGCTTTGCTGCTGCT	78	0	37	1	0	20	0.0123457	81	0.496855	FALSE	NA	NA	NA	NA	NA	NA
SRX17852076	28910	A	-ATGGCGGTGATGCTGCTCTT	75	0	38	1	0	20	0.0123457	81	0.487179	FALSE	NA	NA	NA	NA	NA	NA
SRX17852076	28914	G	C	67	0	37	1	0	39	0.0142857	70	0.475524	FALSE	N:cds-QHD43423.2	GGC	G	GCC	A	214
SRX17852076	28914	G	A	67	0	37	2	0	38	0.0285714	70	0.227855	FALSE	N:cds-QHD43423.2	GGC	G	GAC	D	214
SRX17852076	28915	C	T	63	0	38	1	0	33	0.015625	64	0.477612	FALSE	N:cds-QHD43423.2	GGC	G	GGT	G	214
SRX17852076	28917	G	A	20	0	37	1	0	38	0.047619	21	0.466667	FALSE	N:cds-QHD43423.2	GGT	G	GAT	D	215
SRX17852076	29051	C	-A	93	79	35	1	0	20	0.0104167	96	0.497354	FALSE	NA	NA	NA	NA	NA	NA
SRX17852076	29051	C	+A	93	79	35	2	0	20	0.0208333	96	0.248677	FALSE	NA	NA	NA	NA	NA	NA
SRX17852076	29095	C	T	87	81	37	1	1	37	0.0113636	88	0.5	FALSE	N:cds-QHD43423.2	TTC	F	TTT	F	274
